2|Dusko|Pilipovic|20
2|Dusko|Pilipovic|20
5|||0
5|||0
5|||0
5|||0
5|Dusko|Pilipovic|20
8|Sss|mmms|10
8|Dusko|Pilipovic|20
3|Marko|mm|40
3|Dusko|Pilipovic|20
5|AA|a|40
5|4a|55|20
5|Dusko|Pilipovic|20
2|q|q|1
2|Dusko|Pilipovic|20
2|Dusko|Pilipovic|20
2|q|w|10
2|Dusko|Pilipovic|20
2|Dusko|Pilipovic|20
2|s|s|50
2|Dusko|Pilipovic|20
2|||0
2|||0
2|||0
2|||0
2|||0
2|||0
2|||0
2|||0
2|||0
2|||0
2|||0
2|||0
2|||0
2|||0
2|||0
2|||0
2|||0
2|||0
2|||0
2|||0
2|||0
2|||0
2|||0
2|||0
2|||0
2|||0
2|||0
2|||0
2|||0
2|Dusko|Pilipovic|20
3|Marko|Markovic|10
3|Petar|Metrovic|20
3|Dusko|Pilipovic|20
